"","values.to.vary","N.replicates","avg.NES","sd.NES","perc.q.0.25","perc.q.0.05","perc.q.0.25.pos","perc.q.0.25.neg","perc.q.0.05.pos","perc.q.0.05.neg"
"1",-1,50,-2.1754,0.11305064785127,100,74,0,100,0,74
"2",-0.75,50,-2.0006,0.186563005716677,72,38,0,72,0,38
"3",-0.5,50,-1.8106,0.240351867910701,34,10,0,34,0,10
"4",-0.25,50,-1.18632,0.58403164018287,2,0,0,2,0,0
"5",0,50,-0.11492,1.05090411687135,0,0,0,0,0,0
"6",0.25,50,1.14424,0.664345421587049,6,0,6,0,0,0
"7",0.5,50,1.69726,0.404913536247845,22,4,22,0,4,0
"8",0.75,50,2.0394,0.175014984781187,86,40,86,0,40,0
"9",1,50,2.1592,0.14869280756112,94,72,94,0,72,0
