"","values.to.vary","N.replicates","avg.NES","sd.NES","perc.q.0.25","perc.q.0.05","perc.q.0.25.pos","perc.q.0.25.neg","perc.q.0.05.pos","perc.q.0.05.neg"
"1",-1,50,-2.1698,0.115943159895401,96,80,0,96,0,80
"2",-0.75,50,-2.033,0.127651470650297,86,38,0,86,0,38
"3",-0.5,50,-1.7264,0.207125713576296,18,2,0,18,0,2
"4",-0.25,50,-1.30228,0.273887809595276,0,0,0,0,0,0
"5",0,50,0.18096,0.926535966018875,0,0,0,0,0,0
"6",0.25,50,1.12564,0.568347003805504,0,0,0,0,0,0
"7",0.5,50,1.731,0.188140741934091,20,0,20,0,0,0
"8",0.75,50,1.9916,0.143603194779992,68,24,68,0,24,0
"9",1,50,2.1532,0.116416563797986,98,78,98,0,78,0
