"","values.to.vary","N.replicates","avg.NES","sd.NES","perc.q.0.25","perc.q.0.05","perc.q.0.25.pos","perc.q.0.25.neg","perc.q.0.05.pos","perc.q.0.05.neg"
"1",-1,50,-2.1212,0.11865986375058,94,72,0,94,0,72
"2",-0.75,50,-1.9332,0.1246290823334,64,12,0,64,0,12
"3",-0.5,50,-1.67636,0.22436038429459,16,0,0,16,0,0
"4",-0.25,50,-1.21406,0.4050608626478,0,0,0,0,0,0
"5",0,50,0.25766,0.870409394879144,0,0,0,0,0,0
"6",0.25,50,1.2127,0.296235651508204,0,0,0,0,0,0
"7",0.5,50,1.6946,0.195074135567345,16,2,16,0,2,0
"8",0.75,50,1.9888,0.121632433912965,76,32,76,0,32,0
"9",1,50,2.1534,0.0866286939313118,98,80,98,0,80,0
