"","values.to.vary","N.replicates","avg.NES","sd.NES","perc.q.0.25","perc.q.0.05","perc.q.0.25.pos","perc.q.0.25.neg","perc.q.0.05.pos","perc.q.0.05.neg"
"1",-1,50,-2.141,0.0954099639686013,100,76,0,100,0,76
"2",-0.75,50,-1.9414,0.107000095365206,62,12,0,62,0,12
"3",-0.5,50,-1.6444,0.16472810002782,10,0,0,10,0,0
"4",-0.25,50,-1.2522,0.246680575081316,0,0,0,0,0,0
"5",0,50,0.06898,0.788494444741214,0,0,0,0,0,0
"6",0.25,50,1.17106,0.256203475418126,0,0,0,0,0,0
"7",0.5,50,1.6488,0.168009232010674,6,0,6,0,0,0
"8",0.75,50,1.9436,0.112517753701179,68,8,68,0,8,0
"9",1,50,2.0952,0.0942909089478094,100,52,100,0,52,0
