"","values.to.vary","N.replicates","avg.NES","sd.NES","perc.q.0.25","perc.q.0.05","perc.q.0.25.pos","perc.q.0.25.neg","perc.q.0.05.pos","perc.q.0.05.neg"
"1",-1,50,-2.1172,0.0843471930747659,100,72,0,100,0,72
"2",-0.75,50,-1.9232,0.103143252868255,60,4,0,60,0,4
"3",-0.5,50,-1.667,0.135107666816702,4,0,0,4,0,0
"4",-0.25,50,-1.20994,0.225555496587461,0,0,0,0,0,0
"5",0,50,0.04242,0.768973582784486,0,0,0,0,0,0
"6",0.25,50,1.17392,0.243673153454142,0,0,0,0,0,0
"7",0.5,50,1.6328,0.157881898511359,2,0,2,0,0,0
"8",0.75,50,1.913,0.105196608931145,52,10,52,0,10,0
"9",1,50,2.0952,0.0833541742646818,98,62,98,0,62,0
