"","values.to.vary","N.replicates","avg.NES","sd.NES","perc.q.0.25","perc.q.0.05","perc.q.0.25.pos","perc.q.0.25.neg","perc.q.0.05.pos","perc.q.0.05.neg"
"1",-1,50,-2.0938,0.0820624451132136,98,62,0,98,0,62
"2",-0.75,50,-1.9206,0.093838984979809,60,6,0,60,0,6
"3",-0.5,50,-1.6478,0.133787678270993,4,0,0,4,0,0
"4",-0.25,50,-1.19884,0.189246018479132,0,0,0,0,0,0
"5",0,50,0.07958,0.703910595262246,0,0,0,0,0,0
"6",0.25,50,1.18124,0.226458137772228,0,0,0,0,0,0
"7",0.5,50,1.6644,0.145912470267595,4,0,4,0,0,0
"8",0.75,50,1.9026,0.100910346145396,48,2,48,0,2,0
"9",1,50,2.1114,0.0746149298404954,98,76,98,0,76,0
