"","values.to.vary","N.replicates","avg.NES","sd.NES","perc.q.0.25","perc.q.0.05","perc.q.0.25.pos","perc.q.0.25.neg","perc.q.0.05.pos","perc.q.0.05.neg"
"1",-1,50,-2.0738,0.0803281535011104,92,58,0,92,0,58
"2",-0.75,50,-1.9322,0.0941186832175857,70,10,0,70,0,10
"3",-0.5,50,-1.6494,0.127781861316983,4,0,0,4,0,0
"4",-0.25,50,-1.152,0.206458475342661,0,0,0,0,0,0
"5",0,50,0.22196,0.661367382544587,0,0,0,0,0,0
"6",0.25,50,1.17008,0.20998287976861,0,0,0,0,0,0
"7",0.5,50,1.648,0.121218305346265,2,0,2,0,0,0
"8",0.75,50,1.8902,0.0993753962898015,54,2,54,0,2,0
"9",1,50,2.0952,0.0723438501398787,96,72,96,0,72,0
