"","values.to.vary","N.replicates","avg.NES","sd.NES","perc.q.0.25","perc.q.0.05","perc.q.0.25.pos","perc.q.0.25.neg","perc.q.0.05.pos","perc.q.0.05.neg"
"1",-1,50,-2.0854,0.0697871399181768,100,52,0,100,0,52
"2",-0.75,50,-1.9212,0.0817821895684644,54,0,0,54,0,0
"3",-0.5,50,-1.6354,0.131555994131156,2,0,0,2,0,0
"4",-0.25,50,-1.19344,0.209767817223847,0,0,0,0,0,0
"5",0,50,0.06676,0.701577306313919,0,0,0,0,0,0
"6",0.25,50,1.1826,0.194173602106728,0,0,0,0,0,0
"7",0.5,50,1.6702,0.129795600692719,4,0,4,0,0,0
"8",0.75,50,1.9196,0.0815652987439123,54,4,54,0,4,0
"9",1,50,2.0562,0.0783214204286362,94,46,94,0,46,0
