"","values.to.vary","N.replicates","avg.NES","sd.NES","perc.q.0.25","perc.q.0.05","perc.q.0.25.pos","perc.q.0.25.neg","perc.q.0.05.pos","perc.q.0.05.neg"
"1",-1,50,-2.0654,0.0734071675308206,98,54,0,98,0,54
"2",-0.75,50,-1.8998,0.0897954591824994,50,0,0,50,0,0
"3",-0.5,50,-1.6334,0.135248976758738,4,0,0,4,0,0
"4",-0.25,50,-1.21312,0.185980977741361,0,0,0,0,0,0
"5",0,50,0.13566,0.684521421080719,0,0,0,0,0,0
"6",0.25,50,1.1644,0.168502286062128,0,0,0,0,0,0
"7",0.5,50,1.6486,0.126362129434028,6,0,6,0,0,0
"8",0.75,50,1.9098,0.096415131338501,60,4,60,0,4,0
"9",1,50,2.0502,0.0666850654883361,100,40,100,0,40,0
