"","values.to.vary","N.replicates","avg.NES","sd.NES","perc.q.0.25","perc.q.0.05","perc.q.0.25.pos","perc.q.0.25.neg","perc.q.0.05.pos","perc.q.0.05.neg"
"1",-1,50,-2.2388,0.15312579862349,96,88,0,96,0,88
"2",-0.75,50,-2.0344,0.24778331547659,68,52,0,68,0,52
"3",-0.5,50,-1.84848,0.452578564157312,60,30,0,60,0,30
"4",-0.25,50,-1.29934,0.691464332310165,14,4,0,14,0,4
"5",0,50,0.10718,1.32825187693127,10,0,6,4,0,0
"6",0.25,50,1.28402,0.869276511044133,18,4,18,0,4,0
"7",0.5,50,1.80592,0.312833778644865,44,16,44,0,16,0
"8",0.75,50,2.0276,0.249240151382606,66,44,66,0,44,0
"9",1,50,2.2698,0.200259933127739,94,84,94,0,84,0
