"","values.to.vary","N.replicates","avg.NES","sd.NES","perc.q.0.25","perc.q.0.05","perc.q.0.25.pos","perc.q.0.25.neg","perc.q.0.05.pos","perc.q.0.05.neg"
"1",-1,50,-2.1908,0.172103907863944,94,80,0,94,0,80
"2",-0.75,50,-1.9998,0.187110029836207,72,36,0,72,0,36
"3",-0.5,50,-1.74926,0.452329156383143,38,12,0,38,0,12
"4",-0.25,50,-1.10654,0.920916362840263,10,0,0,10,0,0
"5",0,50,0.09354,1.22665372273931,0,0,0,0,0,0
"6",0.25,50,0.79738,0.993932467832823,8,6,8,0,6,0
"7",0.5,50,1.8038,0.305152287173711,44,16,44,0,16,0
"8",0.75,50,2.003,0.211585366570892,74,36,74,0,36,0
"9",1,50,2.2186,0.161207307273484,94,78,94,0,78,0
